{"Queen":[{"ID":"SuccuqueenQueen","Name":"Succuqueen","Description":"Will literally drain you dry of cum and money.","ThumbnailLocation":"assets/SuccuqueenQueen.png","ThumbnailModified":true,"AssetLocation":"assets/Queen-Clothes-SuccuqueenQueen.png","AssetModified":true,"Stats":{"Throat":6,"Tits":2,"Pussy":3,"Anal":1,"Level":15,"Cost":666}}],"Suki":[{"ID":"SukibusSuki","Name":"Sukibus","Description":"There was always a little devil in her.","ThumbnailLocation":"assets/SukibusSuki.png","ThumbnailModified":true,"AssetLocation":"assets/Suki-Clothes-SukibusSuki.png","AssetModified":true,"Stats":{"Throat":1,"Tits":2,"Pussy":6,"Anal":1,"Level":15,"Cost":666}}],"Esxea":[{"ID":"MiniSuccubusEsxea","Name":"Mini Succubus","Description":"Smaller than your average demon!","ThumbnailLocation":"assets/MiniSuccubusEsxea.png","ThumbnailModified":true,"AssetLocation":"assets/Esxea-Clothes-MiniSuccubusEsxea.png","AssetModified":true,"Stats":{"Throat":2,"Tits":6,"Pussy":0,"Anal":1,"Level":15,"Cost":666}}],"Scarlett":[{"ID":"ScarlettbusScarlett","Name":"Scarlettbus","Description":"Is this outfit even legal?","ThumbnailLocation":"assets/ScarlettbusScarlett.png","ThumbnailModified":true,"AssetLocation":"assets/Scarlett-Clothes-ScarlettbusScarlett.png","AssetModified":true,"Stats":{"Throat":1,"Tits":6,"Pussy":2,"Anal":1,"Level":15,"Cost":666}}],"Ardura":[{"ID":"SuccubusXLArdura","Name":"Succubus XL","Description":"Your Dad calls her Mommy too","ThumbnailLocation":"assets/SuccubusXLArdura.png","ThumbnailModified":true,"AssetLocation":"assets/Ardura-Clothes-SuccubusXLArdura.png","AssetModified":true,"Stats":{"Throat":0,"Tits":2,"Pussy":2,"Anal":6,"Level":15,"Cost":666}}],"Natasha":[{"ID":"HolySuccubusNatasha","Name":"Holy Succubus","Description":"Church going has never been so fun.","ThumbnailLocation":"assets/HolySuccubusNatasha.png","ThumbnailModified":true,"AssetLocation":"assets/Natasha-Clothes-HolySuccubusNatasha.png","AssetModified":true,"Stats":{"Throat":0,"Tits":2,"Pussy":6,"Anal":0,"Level":15,"Cost":666}}]}