{
    "Queen": [],
    "Suki": [],
    "Esxea": [],
    "Scarlett": [],
    "Ardura": [],
    "Natasha": [
        {
            "ID": "NurseSkirtNatasha",
            "Name": "Nurse Skirt",
            "Description": "nurse",
            "ThumbnailLocation": "assets/NurseSkirtNatasha.png",
            "ThumbnailModified": true,
            "AssetLocation": "assets/Natasha-Clothes-NurseSkirtNatasha.png",
            "AssetModified": true,
            "Stats": {
                "Throat": 2,
                "Tits": 0,
                "Pussy": 2,
                "Anal": 0,
                "Level": 15,
                "Cost": 500
            }
        }
    ]
}